{"Loss G_1": 1.5236785202432657e-06, "Loss G_2": 24.3448429107666, "_timestamp": 1699884334.983259, "_runtime": 105.7827799320221, "_step": 2690, "Accuracy G_1": 1.0, "Accuracy G_2": 0.5714285969734192, "Training loss": 1.6091674533650017e-06, "_wandb": {"runtime": 105}}