{"Loss G_1": 6.318352222442627, "Loss G_2": 6.31817626953125, "_timestamp": 1699887844.321683, "_runtime": 150.92773604393005, "_step": 3548, "Accuracy G_1": 0.01228654757142067, "Accuracy G_2": 0.01228654757142067, "Training loss": 2.7203316688537598, "_wandb": {"runtime": 150}}