{"Loss G_1": 2.3994741439819336, "Loss G_2": 0.08117032796144485, "_timestamp": 1699890866.9487329, "_runtime": 205.91398882865906, "_step": 6041, "Accuracy G_1": 0.5714285969734192, "Accuracy G_2": 0.9948979616165161, "Training loss": 0.00959707738680614, "_wandb": {"runtime": 204}}