{"Loss G_1": 3.46600079536438, "Loss G_2": 3.466020345687866, "_timestamp": 1699888437.7792351, "_runtime": 138.08512711524963, "_step": 1193, "Accuracy G_1": 0.5714285969734192, "Accuracy G_2": 0.5714285969734192, "Training loss": 0.006631988453099856, "_wandb": {"runtime": 138}}