{"Loss G_1": 3.3835864067077637, "Loss G_2": 3.383578062057495, "_timestamp": 1699886751.250083, "_runtime": 105.76543998718262, "_step": 1529, "Accuracy G_1": 0.5714285969734192, "Accuracy G_2": 0.5714285969734192, "Training loss": 0.009935326370838526, "_wandb": {"runtime": 105}}