{"Loss G_1": 1.0060955286026, "Loss G_2": 3.4585516452789307, "_timestamp": 1699889159.556043, "_runtime": 237.08287692070007, "_step": 1544, "Accuracy G_1": 0.711995005607605, "Accuracy G_2": 0.571532666683197, "Training loss": 0.006937969073250487, "_wandb": {"runtime": 237}}