{"Loss G_1": 0.11327815055847168, "Loss G_2": 5.018336296081543, "_timestamp": 1699888862.2469592, "_runtime": 60.77804112434387, "_step": 1274, "Accuracy G_1": 0.9992711544036865, "Accuracy G_2": 0.5714285969734192, "Training loss": 0.0068962950309788855, "_wandb": {"runtime": 60}}