{"Loss G_1": 0.04178238660097122, "Loss G_2": 4.289580821990967, "_timestamp": 1699886088.260363, "_runtime": 90.92999219894409, "_step": 4103, "Accuracy G_1": 0.9997917413711548, "Accuracy G_2": 0.571220338344574, "Training loss": 0.015417928027140128, "_wandb": {"runtime": 90}}