{"Loss G_1": 2.9326233863830566, "Loss G_2": 2.932650089263916, "_timestamp": 1699887360.5828018, "_runtime": 150.56454181671143, "_step": 2759, "Accuracy G_1": 0.5708038210868835, "Accuracy G_2": 0.5708038210868835, "Training loss": 0.005739909269519754, "_wandb": {"runtime": 150}}