{"Loss G_1": 3.1591899394989014, "Loss G_2": 3.159182071685791, "_timestamp": 1699887155.655253, "_runtime": 375.0629029273987, "_step": 2723, "Accuracy G_1": 0.5714285969734192, "Accuracy G_2": 0.5714285969734192, "Training loss": 0.006714884141409719, "_wandb": {"runtime": 375}}