{"Loss G_1": 20.12586784362793, "Loss G_2": 19.999765396118164, "_timestamp": 1699879313.367271, "_runtime": 77.90027904510498, "_step": 2999, "Accuracy G_1": 0.5716367959976196, "Accuracy G_2": 0.5718450546264648, "Training loss": 9.101106877858763e-07, "_wandb": {"runtime": 77}}