{"Loss G_1": 0.7857850790023804, "Loss G_2": 2.9015398025512695, "_timestamp": 1699889833.248242, "_runtime": 194.25629091262817, "_step": 1409, "Accuracy G_1": 0.6958559155464172, "Accuracy G_2": 0.5727821588516235, "Training loss": 0.006954910661521796, "_wandb": {"runtime": 195}}