{"Loss G_1": 52.145240783691406, "Loss G_2": 53.48582458496094, "_timestamp": 1699882173.800905, "_runtime": 2041.8595581054688, "_step": 59999, "Accuracy G_1": 0.5719491839408875, "Accuracy G_2": 0.5720533132553101, "Training loss": 3.339990588006618e-08, "_wandb": {"runtime": 2041}}