{"Loss G_1": 1.9152625799179077, "Loss G_2": 0.4815608859062195, "_timestamp": 1699890642.639196, "_runtime": 215.6789059638977, "_step": 6224, "Accuracy G_1": 0.5913161039352417, "Accuracy G_2": 0.8553727865219116, "Training loss": 0.010910878385845068, "_wandb": {"runtime": 215}}