{"Loss G_1": 9.503073692321777, "Loss G_2": 9.502660751342773, "_timestamp": 1699888237.7653508, "_runtime": 330.79155588150024, "_step": 5765, "Accuracy G_1": 0.5701791048049927, "Accuracy G_2": 0.5701791048049927, "Training loss": 0.06134460342896951, "_wandb": {"runtime": 330}}