{"Loss G_1": 6.681661605834961, "Loss G_2": 6.718219757080078, "_timestamp": 1699879181.04143, "_runtime": 6.306504964828491, "_step": 299, "Accuracy G_1": 0.1659725159406662, "Accuracy G_2": 0.1659725159406662, "Training loss": 1.2910512782431938, "_wandb": {"runtime": 5}}