{"Loss G_1": 1.617111325263977, "Loss G_2": 4.3769989013671875, "_timestamp": 1699890224.7484531, "_runtime": 130.91936922073364, "_step": 3605, "Accuracy G_1": 0.5866305828094482, "Accuracy G_2": 0.5717409253120422, "Training loss": 0.007113292209199957, "_wandb": {"runtime": 130}}