{"Loss G_1": 33.253814697265625, "Loss G_2": 32.385841369628906, "_timestamp": 1699883799.936304, "_runtime": 1546.0958080291748, "_step": 26285, "Accuracy G_1": 0.5717409253120422, "Accuracy G_2": 0.5717409253120422, "Training loss": 5.7677144933972456e-08, "_wandb": {"runtime": 1545}}