{"Loss G_1": 3.1879820823669434, "Loss G_2": 3.187952756881714, "_timestamp": 1699886507.042794, "_runtime": 375.5091619491577, "_step": 1502, "Accuracy G_1": 0.5714285969734192, "Accuracy G_2": 0.5714285969734192, "Training loss": 0.01381752171830551, "_wandb": {"runtime": 375}}