{"Loss G_1": 41.97125244140625, "Loss G_2": 50.07378387451172, "_timestamp": 1699885043.218154, "_runtime": 660.9544229507446, "_step": 22868, "Accuracy G_1": 0.4012911319732666, "Accuracy G_2": 0.23167429864406586, "Training loss": 4.727090973310132e-08, "_wandb": {"runtime": 660}}