{"Loss G_1": 34.54827880859375, "Loss G_2": 41.934349060058594, "_timestamp": 1699885803.856616, "_runtime": 669.3263549804688, "_step": 15158, "Accuracy G_1": 0.40087464451789856, "Accuracy G_2": 0.2309454381465912, "Training loss": 1.2368280639182902e-05}