{"Loss G_1": 34.495086669921875, "Loss G_2": 41.92107009887695, "_timestamp": 1699885842.418986, "_runtime": 707.8887250423431, "_step": 15836, "Accuracy G_1": 0.4009787440299988, "Accuracy G_2": 0.23073719441890717, "Training loss": 2.1279261206190484e-06, "_wandb": {"runtime": 706}}