{"Loss G_1": 8.623337745666504, "Loss G_2": 8.623337745666504, "_timestamp": 1699887536.448235, "_runtime": 152.6300971508026, "_step": 3650, "Accuracy G_1": 0.1144314855337143, "Accuracy G_2": 0.1144314855337143, "Training loss": 0.003448969609028584}