{"Loss G_1": 0.030853761360049248, "Loss G_2": 3.5496864318847656, "_timestamp": 1699886589.384463, "_runtime": 61.04946303367615, "_step": 2639, "Accuracy G_1": 0.9996876120567322, "Accuracy G_2": 0.571220338344574, "Training loss": 0.011317923413337889, "_wandb": {"runtime": 60}}