{"Loss G_1": 3.1744353771209717, "Loss G_2": 3.1744492053985596, "_timestamp": 1699887676.734262, "_runtime": 75.16247391700745, "_step": 1067, "Accuracy G_1": 0.5714285969734192, "Accuracy G_2": 0.5714285969734192, "Training loss": 0.006732457946683909, "_wandb": {"runtime": 75}}