{"Loss G_1": 23.492984771728516, "Loss G_2": 22.574556350708008, "_timestamp": 1699879480.896636, "_runtime": 75.66315197944641, "_step": 2999, "Accuracy G_1": 0.571532666683197, "Accuracy G_2": 0.5721574425697327, "Training loss": 2.868416127180476e-06, "_wandb": {"runtime": 74}}