{"Loss G_1": 5.282720565795898, "Loss G_2": 5.542442321777344, "_timestamp": 1699885967.1993768, "_runtime": 90.85311484336853, "_step": 4778, "Accuracy G_1": 0.14473135769367218, "Accuracy G_2": 0.0872553139925003, "Training loss": 1.1652752193244729, "_wandb": {"runtime": 90}}