{"Loss G_1": 1.612865924835205, "Loss G_2": 3.165541410446167, "_timestamp": 1699890060.350816, "_runtime": 162.79871702194214, "_step": 2978, "Accuracy G_1": 0.571532666683197, "Accuracy G_2": 0.5753852725028992, "Training loss": 0.00702271904997729, "_wandb": {"runtime": 162}}