{"Loss G_1": 3.884565591812134, "Loss G_2": 0.018088262528181076, "_timestamp": 1699889358.5243661, "_runtime": 154.33054423332214, "_step": 7043, "Accuracy G_1": 0.5713244676589966, "Accuracy G_2": 0.9998958706855774, "Training loss": 0.005924847279046033, "_wandb": {"runtime": 153}}