{"Loss G_1": 6.528707027435303, "Loss G_2": 6.551381587982178, "_timestamp": 1699879089.822932, "_runtime": 6.380367040634155, "_step": 299, "Accuracy G_1": 0.1837775856256485, "Accuracy G_2": 0.1837775856256485, "Training loss": 1.1938159659102157, "_wandb": {"runtime": 5}}