{"Loss G_1": 51.70313262939453, "Loss G_2": 51.333091735839844, "_timestamp": 1699879997.699966, "_runtime": 476.91365694999695, "_step": 14999, "Accuracy G_1": 0.5722615718841553, "Accuracy G_2": 0.5729904174804688, "Training loss": 3.961155395909127e-06, "_wandb": {"runtime": 476}}